date,time,title,content,ticker,source
Thứ,"ba, 5/8/2025, 16:50 (GMT+7)",Cổ phiếu MB tăng trần,"Cổ phiếu của Ngân hàng Quân đội (MB) mở cửa phiên giao dịch sáng 5/8 với mức tăng 5%, sau đó nhanh chóng nới rộng biên độ và chạm trần 29.700 đồng. MBB nhiều thời điểm rơi vào trạng thái ""trắng bên bán"", còn khối lượng dư mua lên đến hàng triệu đơn vị. Nhịp điều chỉnh xuất hiện trên diện rộng vào giữa phiên chiều khiến MBB lùi về dưới tham chiếu. Tuy nhiên, dòng tiền bên ngoài lập tức nhập cuộc và đưa cổ phiếu này trở lại sắc tím. Tổng giá trị giao dịch thành công đạt gần 2.100 tỷ đồng. Phiên tăng trần đưa thị giá MBB lên mức cao nhất từ khi ngân hàng niêm yết trên sàn chứng khoán vào cuối năm 2011. Vốn hóa thị trường theo đó đạt gần 181.240 tỷ đồng, xếp thứ 9 trên sàn TP HCM. Một số cổ phiếu ngân hàng khác như TPB, TCB, STB cũng tăng hết biên độ, nhưng không giữ được trạng thái này đến cuối phiên bởi áp lực xả hàng quyết liệt. MBB đứng thứ tư trong danh sách những mã tác động tích cực nhất đến thị trường. Theo thống kê của VNDirect, cổ phiếu này đóng góp hơn 2,7 điểm vào mức tăng chung của VN-Index. Nhịp tăng này được kích hoạt sau khi MB thông báo 14/8 là ngày đăng ký cuối cùng để nhận cổ tức tiền mặt và cổ phiếu với tổng tỷ lệ 35%. Trong đó, cổ tức tiền mặt là 3%, tức cổ đông sở hữu mỗi cổ phiếu nhận được 300 đồng. Tuy vậy, vùng giá của MBB hiện thấp hơn dự phóng của một số công ty chứng khoán. Trong báo cáo phân tích công bố cuối tháng 7, chuyên gia của Công ty Chứng khoán Yuanta Việt Nam khuyến nghị mua cổ phiếu này với giá mục tiêu 31.100 đồng. Nhóm phân tích SSI Research và SHS cũng cho rằng giá hợp lý lần lượt là 30.700 đồng và 31.000 đồng. Theo Yuanta Việt Nam, biên lãi ròng (NIM) của MB tiếp tục chịu áp lực trong nửa cuối năm tương tự các ngân hàng khác do chi phí huy động vốn tăng, trong khi lãi suất cho vay có thể giữ nguyên hoặc giảm nhẹ. Tuy nhiên, lợi thế về tiền gửi không kỳ hạn (CASA) giúp MB quản lý chi phí vốn tốt hơn so với mặt bằng chung ngành ngân hàng. Tính đến cuối tháng 6, tổng tiền gửi khách hàng tại MB đạt hơn 783.000 tỷ đồng, tăng 10% so với cuối năm trước. Trong đó, tiền gửi không kỳ hạn chiếm gần 297.000 tỷ đồng, tương đương 37,9% tổng huy động. Tỷ trọng CASA lớn giúp MB giảm chi phí vốn, qua đó duy trì biên lãi ròng ở mức 4,1%, cao hơn mức 3-3,2% của toàn ngành. Nhóm phân tích Yuanta nói thêm, chất lượng tài sản của MB cũng được cải thiện và lợi nhuận mảng chứng khoán dự kiến tăng. Ngân hàng có tài sản hợp nhất 1,29 triệu tỷ đồng vào cuối quý II, tăng hơn 161.000 tỷ so với đầu năm. MB duy trì vị trí thứ năm toàn ngành về quy mô tài sản, xếp sau 4 ngân hàng quốc doanh. Lũy kế 6 tháng, MBB lãi trước thuế gần 15.900 tỷ đồng, tăng 18% so với cùng kỳ năm trước. Ngân hàng đã hoàn thành một nửa kế hoạch cả năm. Tăng trưởng lợi nhuận đến từ nhiều mảng kinh doanh. Cụ thể, thu nhập lãi thuần của ngân hàng tăng 22,8% lên hơn 24.000 tỷ đồng. Lãi từ dịch vụ, kinh doanh ngoại hối, hoạt động khác đồng loạt đi lên. Mảng mua bán chứng khoán đầu tư có mức tăng mạnh nhất, gấp 2,3 lần năm ngoái, mang về gần 1.300 tỷ đồng.",MBB,vnexpress:https://vnexpress.net/co-phieu-mb-tang-tran-4923054.html
Thứ,"ba, 15/7/2014, 17:45 (GMT+7)",MBB giao dịch thỏa thuận khủng,"Đóng cửa phiên 15/7, hai sàn chứng khoán đều ghi nhận sự tăng điểm và khởi sắc cả về thanh khoản. Vn-Index tích lũy thêm 3,08 điểm, chốt tại 589,31 điểm. Nhóm cổ phiếu vốn hóa lớn trong rổ VN30 tiếp tục làm trụ đỡ khiến chỉ số này duy trì sắc xanh đến hết phiên. HPG tăng thêm 1.000 đồng, khớp lệnh trên 720.000 cổ phiếu. Sáng nay, Tập đoàn Hòa Phát – đơn vị niêm yết HPG cũng vừa công bố kết quả hoạt động 6 tháng với mức tăng trưởng lợi nhuận sau thuế 85%, đạt 1.874 tỷ đồng. Một số nhà đầu tư tại Hà Nội cho biết thông tin này đã khiến không ít người cầm cổ phiếu nâng kỳ vọng về HPG và mong thị giá mã này chạm mốc 60.000 đồng. Một số cổ phiếu như VNM, CII, REE cũng diễn biến khởi sắc và được giao dịch mạnh trong phiên. Khối lượng khớp lệnh từ 100.000 đến trên một triệu đơn vị. MWG tiếp tục chạm trần phiên thứ hai kể từ khi chào sàn nhưng thanh khoản thấp, chỉ khớp hơn 13.000 cổ phiếu. Khối ngân hàng, MBB tăng 100 đồng, khớp lệnh tại sàn hơn 2 triệu cổ phiếu. Trong giao dịch thỏa thuận, mã này cũng dẫn đầu với khối lượng khớp lệnh khủng (hơn 33 triệu cổ phiếu), giá từ tham chiếu cho đến kịch trần. Tổng trị giá giao dịch thỏa thuận của MBB gần 450 tỷ đồng, chiếm 75% mức chuyển nhượng của sàn TP HCM. Đây là lần đầu tiên trong năm nay, MBB khớp lệnh số lượng lớn như vậy. Nhiều nhà đầu tư cũng bày tỏ không rõ lý do khiến MBB thỏa thuận khủng. Anh Đức – một nhà đầu tư bám sàn tại TP HCM đánh giá nhiều khả năng do kỳ vọng vào lợi nhuận quý II của Ngân hàng Quân Đội. Hơn nữa, nhà băng này cũng được đánh giá là ổn định nhất trong số các ngân hàng đang niêm yết, anh Đức chia sẻ. Nhóm cổ phiếu đầu cơ, FLC tiếp tục phiên khớp lệnh khủng hơn 18 triệu cổ phiếu, thị giá tăng thêm 400 đồng. Từ tuần trước, FLC đã liên tục xuất hiện những phiên giao dịch với số lượng lớn (ít nhất 10 triệu cổ phiếu mỗi phiên) và được giới đầu tư cho rằng nguyên nhân xuất phát từ thương vụ ký kết hợp đồng trị giá 40 triệu USD với một quỹ của Mỹ. Dù vậy, đại diện Tập đoàn FLC – đơn vị niêm yết FLC vẫn chưa chính thức công bố thông tin về thương vụ này. Tính chung toàn phiên, sàn TP HCM khớp lệnh hơn 137 triệu cổ phiếu, trị giá 2.122 tỷ đồng, tăng 76% so với mức hôm qua. Còn tại sàn Hà Nội, diễn biến tăng điểm cũng được nối dài. HNX-Index tích lũy thêm 0,74 điểm, lên 80,23 điểm. Chuyện doanh nghiệp công bố kết quả kinh doanh quý II lạc quan tiếp tục tác động đến giao dịch một số cổ phiếu. Điển hình trong số này là NDN với mức tăng kịch trần và không còn dư bán trong đợt khớp lệnh định kỳ đóng cửa. Theo đó, quý II của Công ty cổ phần Phát triển Nhà Đà Nẵng – đơn vị niêm yết NDN tăng lãi gấp đôi, chủ yếu nhờ dự án Green Lake được đưa vào khai thác từ tháng 4 vừa qua. Chốt phiên, toàn sàn Hà Nội khớp lệnh gần 42 triệu cổ phiếu, trị giá 515 tỷ đồng. Một số chuyên gia phân tích nhận định phiên 15/7 đánh dấu sự lạc quan và tích cực, cởi mở trên toàn thị trường. Ngoài chuyện kết quả kinh doanh, nguyên nhân nữa là tình hình tích cực từ biển Đông, chứng khoán Âu – Mỹ đồng loạt tăng mạnh và kinh tế vĩ mô 6 tháng được cải thiện. Nhóm phân tích tại Công ty Chứng khoán MB (MBS) cho rằng việc kết quả kinh doanh quý II sắp được công bố sẽ là nhân tố tạo sự phân hóa mạnh mẽ giữa các cổ phiếu. Tuy vậy, nhà đầu tư cần lưu ý là một số mã đã có mức tăng cao hơn nhiều so với tăng trưởng lợi nhuận và doanh thu quý II của đơn vị niêm yết. Do vậy nhiều khả năng những mã như vậy vẫn bị bán ra dù có thông tin tốt. Chuyên gia của MBS khuyến nghị nhà đầu tư cần thận trọng, không nên mua tại các vùng giá cao và hồi phục trong phiên.",MBB,vnexpress:https://vnexpress.net/mbb-giao-dich-thoa-thuan-khung-3017970.html
Thứ,"tư, 7/7/2021, 09:30 (GMT+7)",Cổ phiếu MBB tăng 90% trong 6 tháng đầu năm,"Như vậy, cổ phiếu MBB đã liên tục vượt đỉnh của chính mình. Chỉ tính riêng trong tuần vừa qua, MBB đã tăng gần 4%. Đại diện của Ngân hàng Quân Đội (MB) nêu ra những lý do khiến cổ phiếu MBB tăng trưởng vượt bậc. Tiềm năng phát triển của nhóm ngành ngân hàng Trong bối cảnh môi trường lãi suất thấp và nền kinh tế tăng trưởng cao như hiện nay, cổ phiếu nhóm ngành ngân hàng được nhận định sẽ hưởng lợi. Nhờ vào tăng trưởng tín dụng cao kết hợp chi phí huy động vốn thấp, NIM của các ngân hàng được dự báo sẽ cải thiện trong năm nay. Lợi nhuận của các ngân hàng sẽ có sự tăng trưởng trong 2021. Kết quả kinh doanh tăng trưởng Năm nay, MB đặt mục tiêu lợi nhuận của ngân hàng hợp nhất ở mức 13.200 tỷ đồng, tăng 20% so với 2020; tổng tài sản và tăng trưởng tín dụng tăng khoảng 11% và tỷ lệ nợ xấu được kiểm soát ở mức thấp hơn 1,5%. Trong quý một đầu năm, MB ghi nhận lợi nhuận trước thuế gần 4.580 tỷ đồng, tăng hơn hai lần so với cùng kỳ năm trước và hoàn thành 35% so với kế hoạch ngân hàng đã đặt ra trước đó. Trong đó, lợi nhuận của ngân hàng riêng lẻ cũng cao hơn 2 lần cùng kỳ, đạt 4.100 tỷ đồng. Các chỉ số về hiệu quả hoạt động đều tốt hơn so với cùng kỳ, trong đó, lợi nhuận trên tổng tài sản ROA đạt 2,71% (cùng kỳ đạt 1,59%). Lợi nhuận trên vốn (ROE) đạt 27,24% trong khi cùng kỳ chỉ đạt 16,09. Tỷ lệ nợ xấu giảm 33 điểm và tỷ lệ CASA tăng 3,8 điểm so với cùng kỳ năm 2020, lên 36,9%. Lượng khách hàng mở mới của MBB tăng mạnh nhờ có các chương trình khuyến khích khách hàng mở mới tài khoản hiệu quả. Trong báo cáo ước tính kết quả kinh doanh quý 2/2021 công bố ngày 5/7, Công ty chứng khoán SSI đánh giá lợi nhuận trước thuế trong quý 2/2021 của MB được kỳ vọng sẽ đạt 4.000 tỷ đồng đến 4.500 tỷ đồng, tăng +37% - 50% so với cùng kỳ do tăng trưởng tín dụng và tiền gửi của ngân hàng mẹ tính đến hết tháng 5 đạt mức +10% và + 6% so với đầu năm 2021. Trong khi đó, nợ xấu được kiểm soát (dưới 1% tại ngân hàng mẹ) và NIM tiếp tục tăng. Chiến lược kinh doanh năm 2021 Năm 2021 đánh dấu cột mốc quan trọng đối với MB trên lộ trình hoàn thành mục tiêu chiến lược giai đoạn 2017 - 2021 và xây dựng chiến lược giai đoạn mới 2022 - 2026. Để tạo ra những bước tiến nhanh, tiến chắc trên hành trình chuyển đổi số, nâng cao chất lượng hoạt động của MB, trong năm nay, MB tiếp tục đầu tư mạnh mẽ vào chuyển đổi số, số hoá toàn diện hoạt động ngân hàng từ kinh doanh, vận hành, quản trị rủi ro và nhân lực. Nhờ đó, năng suất lao động được đẩy mạnh và chi phí hoạt động được giảm đi so với các năm trước. Hiện tại, hoạt động của MBB đang tập trung chủ yếu tại Hà Nội và các tỉnh phía Bắc (chiếm 59%). Tuy nhiên, trong năm nay, MB sẽ triển khai đầu tư và xây dựng trụ sở tại TP HCM để nâng cao hình ảnh và thương hiệu của ngân hàng tại đây. Ngân hàng sẽ thúc đẩy tăng trưởng của công ty qua việc phát triển và khai thác tiềm năng tại khu vực phía Nam. Ngày 13/7 tới, MB sẽ chốt danh sách cổ đông để chi trả cố tức bằng cố phiếu tỷ lệ 35%. Với mức chia cổ tức bằng cổ phiếu này, MB sẽ nâng vốn điều lệ từ 27.987 tỷ lên hơn 38.600 tỷ đồng.",MBB,vnexpress:https://vnexpress.net/co-phieu-mbb-tang-90-trong-6-thang-dau-nam-4305210.html
Thứ,"bảy, 29/10/2022, 16:30 (GMT+7)",MB ra mắt tính năng chuyển khoản 'tách lệnh tự động',"Khi khách hàng chuyển khoản tiền tỷ bằng ""tách lệnh tự động"", hệ thống sẽ chia nhỏ khoản tiền thành nhiều phần với giá trị 450 triệu đồng và phần dư, nhằm đảm bảo số tiền sẽ được chuyển nhanh 24/7 đến người nhận ngay tức thời. Tính năng này khắc phục được hạn chế khi chuyển khoản số tiền lớn liên ngân hàng. Trước đây, các giao dịch chuyển nhanh 24/7 chỉ áp dụng cho giao dịch dưới 500 triệu đồng. Khách hàng chuyển hơn 500 triệu đồng, giao dịch sẽ chuyển thành chuyển khoản liên ngân hàng thông thường và sẽ mất nhiều thời gian để đến tay người nhận (có thể qua ngày hoặc đến sáng thứ hai nếu là cuối tuần). Với tính năng mới, chẳng hạn người dùng chuyển khoản tiền 510 triệu đồng, app MBBank sẽ tự động chia nhỏ thành hai khoản là 450 triệu và phần dư 60 triệu để thực hiện chuyển nhanh. Theo đại diện MB, khách hàng vẫn có thể lựa chọn chuyển khoản thường để chuyển nguyên vẹn 510 triệu nhưng người nhận có thể sẽ phải đợi một thời gian. Khách hàng có thể theo dõi trạng thái các khoản tiền đã tách nhỏ trên ứng dụng. Giới hạn của chức năng này là 5 tỉ đồng cho một lần tách lệnh. Mức phí của dịch vụ là 9.900 đồng. Để sử dụng dịch vụ mới của MB, khách hàng truy cập chức năng chuyển khoản và chọn ngân hàng, số tài khoản nhận như thông thường. Khi nhập giá trị chuyển khoản từ 500 triệu đồng trở lên, ứng dụng MBBank sẽ tự động hỗ trợ đưa ra lựa chọn ""tách lệnh tự động"". Sau khi hoàn tất giao dịch, khách hàng có thể theo dõi trạng thái của giao dịch tách lệnh này ngay trên ứng dụng. Đại diện MB cho biết tính năng mới ra đời nhằm hỗ trợ tốt hơn nhu cầu của người dùng trong các giao dịch thông thường. Tính năng sẽ giúp khách hàng tăng trải nghiệm, tiết kiệm rất nhiều thời gian chờ đợi. Lấy công nghệ là nền tảng phát triển, được đầu tư cả về nhân lực và cơ sở hạ tầng, thời gian qua MB thường xuyên đưa ra các tính năng, dịch vụ mới nhằm gia tăng trải nghiệm khách hàng. Đơn cử là tài khoản số đẹp - giúp khách hàng đặt số tài khoản theo năm sinh, số điện thoại; thẻ hybrid - cho phép mở thẻ tích hợp với thẻ tín dụng ngay trên ứng dụng và thực hiện đầy đủ tính năng giao dịch mà không cần sử dụng thẻ vật lý. Ngoài ra còn có nền tảng Wealth Management - giúp khách hàng quản lý tài sản và đầu tư tài chính ngay trên App MBBank. Năm 2022, đơn vị này vào top 4 ngân hàng thương mại uy tín Việt Nam của Vietnam Report đồng thời được vinh danh là một trong 50 công ty đại chúng uy tín và hiệu quả. MB góp mặt trong bảng xếp hạng 50 công ty niêm yết tốt nhất trên thị trường do Forbes Việt Nam công bố mới đây.",MBB,vnexpress:https://vnexpress.net/mb-ra-mat-tinh-nang-chuyen-khoan-tach-lenh-tu-dong-4529554.html
Thứ,"sáu, 16/10/2020, 18:40 (GMT+7)",CEO Lưu Trung Thái đăng ký mua 1 triệu cổ phiếu MBB,"Ông Lưu Trung Thái đang sở hữu hơn 1,5 triệu cổ phiếu MBB. Nếu giao dịch thành công, số lượng cổ phiếu ông nắm giữ sẽ tăng lên hơn 2,5 triệu cổ phiếu. Theo thông báo từ Ngân hàng Quân đội (MB), ông Lưu Trung Thái đăng ký mua thông qua khớp lệnh trên sàn. Giao dịch dự kiến từ ngày 21/10-19/11. Chốt phiên giao dịch 16/10, giá cổ phiếu MBB đứng ở mức 17.850 đồng một cổ phiếu, tăng hơn 50% so với hồi cuối tháng 3. Tuy nhiên, mức này tăng hơn 17% so với cách đây một tháng – khá khiêm tốn so với mức tăng hàng chục phần trăm của nhiều mã ngân hàng khác như ACB, CTG, VIB, LPB... Ước tính với mức giá này, CEO MB sẽ phải bỏ ra gần 18 tỷ đồng để mua vào số cổ phiếu này. Cùng ngày 16/10, MB cũng vừa công bố báo cáo tài chính quý III với lợi nhuận trước thuế hợp nhất trong 9 tháng tăng gần 7% lên 8.100 tỷ đồng. Tăng trưởng tín dụng trong 9 tháng gần 12% (riêng cho vay khách hàng tăng gần 7%) trong khi huy động vốn giảm 1%, chủ yếu do sụt giảm lượng tiền gửi của các tổ chức kinh tế.",MBB,vnexpress:https://vnexpress.net/ceo-luu-trung-thai-dang-ky-mua-1-trieu-co-phieu-mbb-4177829.html
Thứ,"hai, 21/8/2023, 09:00 (GMT+7)",Chủ tịch MB: 'Chuyển đổi số bắt đầu từ phép thử nhỏ',"Diễn đàn Kinh doanh 2023 với chủ đề ""Đổi mới mô hình tăng trưởng"" diễn ra ngày 17/8, tại TP HCM, do Forbes Việt Nam tổ chức. Trong phiên thảo luận ""Thách thức mới - Cơ hội mới"", ông Lưu Trung Thái - Chủ tịch HĐQT Ngân hàng MB đưa ra quan điểm và ý kiến về việc ứng dụng công nghệ thông tin vào hoạt động doanh nghiệp. Trả lời về định hướng số hóa, ông Lưu Trung Thái khẳng định đã sớm nhận thấy chuyển đổi số là cơ hội lớn đối với ngân hàng, là câu chuyện sống còn của mỗi tổ chức. Vì vậy ngân hàng đã tập trung đầu tư bài bản cho chuyển đổi số trong khoảng 5 năm gần đây. ""Hiện tại, định nghĩa về MB không đơn thuần là một ngân hàng, chúng tôi muốn trở thành doanh nghiệp số"", Chủ tịch HĐQT MB cho hay. Ông chia sẻ, MB xác định các nền tảng số chiếm khoảng 50% doanh thu trong khoảng 4 năm tới. Hiện nay chiếm khoảng 20% doanh thu. MB đang phục vụ hơn 23 triệu khách hàng, tỷ lệ giao dịch trên kênh số đạt trên 95%. Với những con số đó, khi được hỏi về chiến lược đầu tư cho chuyển đổi số, ông Lưu Trung Thái cho rằng chuyển đổi số bắt đầu từ những phép thử nhỏ thay vì ngay lập tức đầu tư một số tiền lớn từ ban đầu. ""Sau mỗi phép thử là giai đoạn kiểm nghiệm. Nếu có kết quả mong muốn, mới chuyển sang đầu tư lớn hơn"", ông Thái cho hay. Nhờ đầu tư cho các nền tảng số cũng như dữ liệu, trong 5 năm qua, quy mô chi nhánh và số lượng nhân sự của MB không tăng, song lợi nhuận vẫn tăng từ 18 - 25%. ""Điều này cho thấy năng suất lao động của ngân hàng đã tăng lên rõ rệt"", ông Thái nhấn mạnh. Bên cạnh đó, chuyển đổi số còn giúp MB ""phục vụ khách hàng với những trải nghiệm hoàn toàn khác"". Với hai nền tảng số ứng dụng MBBank và BIZ MBBank cùng hệ thống ngân hàng tự động thông minh MB SmartBank, khách hàng có thể thực hiện hầu hết giao dịch, không cần đến chi nhánh hay tốn nhiều thời gian như quy trình truyền thống. Cũng tại Diễn đàn Kinh doanh 2023, MB được Forbes Việt Nam vinh danh là 1 trong 50 công ty niêm yết tốt nhất Việt Nam 2023. ""MB là một trong các ngân hàng thương mại cổ phần tư nhân có mức tăng trưởng ấn tượng nhất, đó là lý do MB lần thứ 9 liên tiếp góp mặt trong bảng xếp hạng này"", đại diện Forbes Việt Nam cho hay.",MBB,vnexpress:https://vnexpress.net/chu-tich-mb-chuyen-doi-so-bat-dau-tu-phep-thu-nho-4643565.html
Thứ,"bảy, 4/11/2023, 20:00 (GMT+7)",MB Bank khởi động thử thách chạy bộ vì môi trường,"4h ngày 4/11, 30 runner là lãnh đạo cấp cao, cán bộ, nhân viên ngân hàng TMCP Quân đội (MB) và người thân xuất phát từ hội sở ở 18 Lê Văn Lương, bắt đầu chinh phục cung đường 29 km quanh các con phố Hà Nội. Nhóm VĐV lần lượt đi qua các ""check-point"" ở 21 Cát Linh, số 3 Liễu Giai và 28A Điện Biên Phủ. Đây là những nơi ngân hàng từng đặt trụ sở. Buổi chạy là màn khởi động chiến dịch HiGreen – Bình minh xanh. Đây là chiến dịch chạy bộ miễn phí do MBBank phối hợp FPT Online tổ chức trên nền tảng thể thao trực tuyến vRace, nhân kỷ niệm sinh nhật tuổi 29 của ngân hàng TMCP Quân đội Không chỉ thi chạy bộ rèn luyện sức khỏe, người tham gia còn có thể đóng góp cho cộng đồng. Sau khi hoàn thành 29 km cùng đồng nghiệp, runner Đỗ Hoài Nam - cán bộ khối công nghệ thông tin MBBank đặt mục tiêu tích lũy 300 km mỗi tháng, truyền cảm hứng và lan tỏa chiến dịch đến người thân, bạn bè. ""Không chỉ là giải chạy đây là hoạt động thiện nguyện. Mỗi bước chạy của tôi có thể giúp ích cho cộng đồng nên tôi muốn đóng góp nhiều nhất có thể. Bình thường mỗi tuần tôi chạy 70 km, sau hôm nay, mục tiêu là 100 km"", anh Nam nói. Theo thông tin từ BTC, mỗi runner hoàn thành một km, ngân hàng MB sẽ đối ứng 3.000 đồng. Ban tổ chức đặt mục tiêu khi hoàn thành, giải đấu tích lũy được tối thiểu 2,7 triệu km tương ứng với 8,1 tỷ đồng. Toàn bộ số tiền đối ứng sẽ tài trợ các tổ chức xã hội, cải tạo 10 bãi rác tự phát thành khu vui chơi sinh thái cho trẻ em và một số dự án khác. Sau khi nhận kinh phí từ quỹ từ thiện xã hội, Think playgrounds cùng tình nguyện viên viên xử lý nước thải, cống thải, dọn dẹp và cải tạo mặt bằng, lắp thùng và các điểm thu gom rác, trồng cây bóng mát, lắp đặt sân chơi, sân đa năng và các thiết bị thể dục.. Ngay trong sáng 4/11, ngay sau buổi chạy, công việc dọn dẹp đã được triển khai ở địa điểm đầu tiên là một bãi rác thuộc phường Phúc Tân, quận Hoàn Kiếm, thành phố Hà Nội. ""Chúng tôi tin rằng khi thành phố có thêm sân chơi, sẽ có nhiều đứa trẻ hạnh phúc, khỏe mạnh và vững vàng vượt qua thách thức, trở thành công dân tử tế đóng góp cho sự phát triển của đất nước"", bà Nguyễn Thùy Linh - Phó Giám đốc Khối Ngân hàng số chia sẻ. Ban tổ chức ghi nhận kết quả từ 0h ngày 4/11 và kéo dài đến hết ngày 15/1/2024. Runner chỉ cần kết nối ứng dụng Strava, Garmin với vRace để ghi nhận kết quả. Kết quả cuộc đua được tính theo hình thức cộng dồn thành tích. Người tham gia có thể chạy, đi bộ không giới hạn số lần, tùy theo khả năng và mong muốn chinh phục giới hạn của bản thân. Tuy nhiên, để được công nhận thành tích, runner cần chạy với tốc độ trung bình từ 4 phút/km đến 16 phút/km (pace 04:00 đến pace 16:00). Độc giả quan tâm đăng ký và xem thêm quy địnhtại đây.",MBB,vnexpress:https://vnexpress.net/mb-bank-khoi-dong-thu-thach-chay-bo-vi-moi-truong-4672977.html
Thứ,"sáu, 15/8/2025, 09:00 (GMT+7)",MB giữ vị trí top 2 thương hiệu ngân hàng Việt,"Bảng xếp hạng do Campaign Asia phối hợp Pureprofile thực hiện, dựa trên khảo sát hơn 10.000 người tiêu dùng tại Đông Nam Á, ghi nhận các thương hiệu dẫn đầu nhiều lĩnh vực từ tiêu dùng nhanh, công nghệ, tài chính đến dịch vụ số. Trong bảng xếp hạng, MB đứng vị trí 26, bên cạnh nhiều ""ông lớn"" toàn cầu và nhiều thương hiệu Việt như: Vietnam Airlines, Vietcombank, Viettel... Campaign Asia nhận định sự góp mặt ở thứ hạng cao của nhiều thương hiệu Việt cho thấy xu hướng nâng cao trải nghiệm khách hàng và khẳng định năng lực cạnh tranh với các tập đoàn đa quốc gia. Trong đó, MB được đánh giá là trụ cột quan trọng trong hệ sinh thái tài chính số của người Việt. Đại diện MB cho biết, kết quả này là minh chứng cho hành trình chuyển đổi số toàn diện và chiến lược lấy khách hàng làm trọng tâm của ngân hàng Big 5. Với mục tiêu trở thành ""ngân hàng số toàn diện"", nhiều năm qua MB đầu tư mạnh vào công nghệ và nhân sự, xây dựng hệ sinh thái đa dạng đáp ứng hầu hết nhu cầu tài chính của khách hàng. Ngân hàng liên tục đổi mới sản phẩm, dịch vụ cho từng phân khúc, đón đầu biến động thị trường. Một số sản phẩm nổi bật của MB như: chi trả lương doanh nghiệp, cấp vốn và ứng dụng quản lý bán hàng mSeller cho hộ kinh doanh, MB Priority Land, cùng các dòng thẻ ưu đãi MB Visa Hi Biz, MB Mastercard Platinum... Nhà băng cũng liên tục nâng cấp công nghệ bảo mật, triển khai cảnh báo tài khoản rủi ro, phát hiện gian lận và nguy cơ chiếm quyền kiểm soát từ ứng dụng gián điệp... giúp khách hàng giao dịch an toàn. Nhờ đó, ứng dụng MBBank nhiều năm giữ vị trí số một trong nhóm ứng dụng tài chính miễn phí trên App Store, với hơn 33 triệu người dùng. Báo cáo của Brand Finance năm 2025 cũng ghi nhận giá trị thương hiệu MB đạt gần 1,6 tỷ USD. Theo MB, sự tin tưởng và yêu thích của người dùng là nền tảng để ngân hàng duy trì vị trí trong nhóm Big 5 tại Việt Nam và hướng tới mục tiêu trở thành tập đoàn tài chính hàng đầu khu vực.",MBB,vnexpress:https://vnexpress.net/mb-giu-vi-tri-top-2-thuong-hieu-ngan-hang-viet-4926274.html
Thứ,"năm, 24/7/2025, 15:00 (GMT+7)",MB ra mắt thẻ doanh nghiệp đa năng MB Hi BIZ,"Cụ thể, cả doanh nghiệp đã có hoặc chưa có hạn mức tín dụng tại ngân hàng đều có thể đăng ký sử dụng loại thẻ này. Dựa trên lịch sử giao dịch và hồ sơ năng lực tài chính, MB sẽ đánh giá và cấp hạn mức tín dụng phù hợp trực tiếp vào thẻ. Điều này giúp doanh nghiệp linh hoạt sử dụng nguồn vốn cho từng hoạt động như marketing, vận hành hay kế toán, đồng thời tăng hiệu quả kiểm soát dòng tiền trong toàn bộ hệ sinh thái tài chính MB. Đặc biệt, dòng thẻ này hỗ trợ doanh nghiệp phân quyền chi tiêu, thiết lập quy trình giám sát và phê duyệt trên cùng nền tảng số. Doanh nghiệp có thể cấp tối đa 8 thẻ phụ cho các quản lý thuộc bộ phận khác nhau và giám sát toàn bộ chi tiêu thông qua BIZ MBBank. Trên nền tảng này, người dùng có thể thiết lập hạn mức, phân quyền, phê duyệt giao dịch và theo dõi dòng tiền theo thời gian thực, góp phần chuẩn hóa quy trình và giảm chi phí nội bộ. Thẻ cũng được kết nối trực tiếp với hệ sinh thái số BIZ MBBank, tích hợp phần mềm kế toán, hóa đơn điện tử, công cụ quản lý bán hàng và các giải pháp tài chính, cho phép doanh nghiệp kiểm soát toàn bộ hoạt động thu - chi trên một nền tảng duy nhất, không cần chuyển đổi giữa nhiều hệ thống. Ngoài ra, sản phẩm còn đi kèm nhiều ưu đãi tài chính và dịch vụ dành cho nhóm chủ doanh nghiệp. Cụ thể, thẻ hoàn tiền 2,5% khi chi tiêu quảng cáo số, áp dụng mức phí chuyển đổi ngoại tệ 1,2%. Người dùng còn được giảm 15% khi đặt phòng khách sạn toàn cầu qua Agoda, ưu đãi một triệu đồng khi mua vé máy bay qua Trip.com và nhận đặc quyền tại các nhà hàng Michelin tại Việt Nam. Doanh nghiệp cũng được giảm đến 30% khi sử dụng các phần mềm như MISA AMIS, Google Workspace, iStock... Việc ra mắt sản phẩm diễn ra trong bối cảnh môi trường kinh doanh đang dịch chuyển mạnh mẽ theo hướng minh bạch hóa và số hóa giao dịch. Nghị định 181 của Chính phủ về Luật Thuế giá trị gia tăng (VAT) chính thức có hiệu lực từ ngày 1/7 yêu cầu cơ sở kinh doanh phải sử dụng hình thức thanh toán không dùng tiền mặt cho các giao dịch từ 5 triệu đồng trở lên (đã bao gồm VAT) để được khấu trừ thuế đầu vào, thay vì ngưỡng 20 triệu đồng như trước đây. Trong bối cảnh đó, sản phẩm được kỳ vọng sẽ hỗ trợ doanh nghiệp tuân thủ quy định mới, tạo điều kiện để các hoạt động chi tiêu, vận hành và kiểm soát tài chính diễn ra hoàn toàn số hóa, minh bạch và dễ truy xuất. Sản phẩm góp phần thu hẹp khoảng cách giữa chính sách và thực tiễn kinh doanh, thúc đẩy doanh nghiệp nâng cao năng lực quản trị, hướng đến xây dựng hệ thống quản trị minh bạch, hiệu quả và tuân thủ chuẩn mực phát triển bền vững. Hiện MB thuộc Top 5 ngân hàng dẫn đầu ngành, phục vụ tới 350.000 khách hàng doanh nghiệp và hơn 32 triệu khách hàng cá nhân, với hơn 8 tỷ giao dịch mỗi năm. Ngân hàng cũng là một trong những đơn vị tiên phong triển khai quy trình số hóa toàn trình trong mảng tín dụng doanh nghiệp - từ cấp hạn mức, giải ngân đến phát hành thư tín dụng (L/C), hoàn toàn trực tuyến, không sử dụng hồ sơ giấy, giúp rút ngắn thời gian xử lý gấp 10 lần so với phương thức truyền thống.",MBB,vnexpress:https://vnexpress.net/mb-ra-mat-the-doanh-nghiep-da-nang-mb-hi-biz-4918416.html
Thứ,"sáu, 29/9/2023, 11:00 (GMT+7)",MB vào top 3 doanh nghiệp được nhà đầu tư yêu thích nhất,"Thành tích này được công bố tại Lễ vinh danh Doanh nghiệp niêm yết có hoạt động quan hệ đầu tư tốt nhất 2023 (IR Awards 2023) do Hiệp hội các Nhà quản trị Tài chính Việt Nam, Tạp chí điện tử Tài chính và Cuộc sống, Vietstock tổ chức tại TP HCM hôm 28/9. Đây là năm thứ hai liên tiếp MB được ghi nhận trong top 3 doanh nghiệp niêm yết có vốn hoá lớn được nhà đầu tư yêu thích nhất. Ngân hàng được Ban tổ chức IR Awards 2023 đánh giá cao nhờ ""tuân thủ hoạt động công bố thông tin, có quản trị chiến lược, truyền thông tài chính minh bạch, đạt được hiệu quả giao tiếp giữa doanh nghiệp, cộng đồng tài chính, từ đó nhằm tối ưu giá trị"". Trong năm 2022 và 6 tháng đầu năm 2023, MB đã tổ chức nhiều sự kiện, thực hiện gặp gỡ tiếp xúc với cổ đông và nhà đầu tư để cập nhật tình hình hoạt động, trao đổi các vấn đề kinh tế vĩ mô... Theo đại diện MB, các sự kiện, thông tin về hoạt động kinh doanh của ngân hàng được truyền tải đầy đủ góp phần giữ vững giá trị vốn hóa, hiệu quả đầu tư của cổ phiếu MB. Tính đến 30/6, vốn hóa của MB đạt 91.586 tỷ, tăng 21% so với đầu năm. Giá cổ phiếu MBB trong giai đoạn 1/1/2017 đến 30/6/2023 tăng 307%, cao gấp 4,5 lần mức tăng trưởng của VN-Index (68%). ""Việc tuân thủ, minh bạch, kịp thời và bình đẳng trong việc cung cấp thông tin luôn được MB đặc biệt quan tâm, chú trọng"", đại diện MB nói. Năm 2022, báo cáo thường niên của MB được tích hợp thêm báo cáo phát triển bền vững ESG, nằm trong top 7 báo cáo thường niên tốt nhất của các doanh nghiệp niêm yết do nhà đầu tư bình chọn theo chương trình của Ủy ban Chứng khoán và Sở giao dịch Chứng khoán TP HCM. Theo thông tin từ ban tổ chức IR Awards 2023, những doanh nghiệp được vinh danh đã trải qua các vòng khảo sát, định lượng dựa trên hoạt động công bố thông tin trong số 731 doanh nghiệp niêm yết trong vòng 12 tháng (từ ngày 1/5/2022 đến 30/4/2023). IR Awards 2023 nhằm ghi nhận những nỗ lực, thành tích trong chuẩn hoá quan hệ nhà đầu tư của các doanh nghiệp, đồng thời, hướng đến mục tiêu nâng cao nhận thức về vai trò của IR, tầm quan trọng của việc phát triển hoạt động IR chuyên nghiệp, tiệm cận tiêu chuẩn quốc tế.",MBB,vnexpress:https://vnexpress.net/mb-vao-top-3-doanh-nghiep-duoc-nha-dau-tu-yeu-thich-nhat-4658742.html
Thứ,"năm, 14/8/2025, 19:00 (GMT+7)",MB hút khách hàng tiểu thương bằng hệ sinh thái số,"Theo số liệu MB, lượng tiểu thương sử dụng dịch vụ thanh toán số của ngân hàng đạt 1,9 triệu hộ, chiếm hơn 36% trên 5,2 triệu hộ toàn quốc. Riêng số người dùng mSeller tăng 33% so với mức 15.000 cuối năm ngoái. Ông Vũ Hồng Phú, đại diện MB, cho biết đà tăng trưởng đến từ các giải pháp chuyên biệt cho tiểu thương và doanh nghiệp nhỏ, đặc biệt trong bối cảnh Nghị định 70 yêu cầu hộ kinh doanh xuất hóa đơn điện tử và kê khai thuế đầy đủ từ 1/6. Chính sách hỗ trợ hộ kinh doanh MB xây dựng ""Gói công cụ toàn diện"" gồm phần mềm bán hàng, loa thanh toán thông minh, giải pháp thanh toán VietQR và các tiện ích bổ trợ, nhằm giúp hộ kinh doanh đáp ứng đầy đủ quy định về xuất hóa đơn điện tử, kê khai - quyết toán thuế, đồng thời nâng cao hiệu quả quản trị doanh thu và tối ưu chi phí vận hành. Phần mềm bán hàng mSeller là ứng dụng cho phép theo dõi doanh thu, thanh toán QR động, xuất hóa đơn điện tử, đồng bộ dữ liệu bán hàng và hỗ trợ kê khai thuế, giúp hộ kinh doanh tiết kiệm chi phí, tích hợp đồng bộ và đơn giản hóa thủ tục. Dữ liệu bán hàng được đồng bộ tự động, hỗ trợ kê khai và quyết toán thuế, đáp ứng yêu cầu tuân thủ pháp luật và tối ưu vận hành. Trong gói công cụ toàn diện, MB còn triển khai loa thanh toán thông minh. Chỉ với một thiết bị, chủ hộ kinh doanh có thể nhận thông báo tiền về tức thì bằng giọng nói, quản lý doanh thu và xuất hóa đơn điện tử ngay trên ứng dụng MBBank. Toàn bộ thao tác được thực hiện trực tiếp trên ứng dụng MBBank, không cần chuyển sang nền tảng khác. Hóa đơn có thể được gửi ngay cho khách hàng qua email, Zalo hoặc lưu về máy để sử dụng sau giúp hộ kinh doanh minh bạch hóa giao dịch và thuận lợi khi làm việc với khách hàng hoặc cơ quan thuế. Đại diện ngân hàng cho biết việc tích hợp tính năng xuất hóa đơn trên Loa thanh toán MB là bước tiến mới trong hệ sinh thái giải pháp số dành cho khách hàng tiểu thương, chủ hộ kinh doanh nhỏ lẻ. Đây là những người vốn quen vận hành đơn giản, ưu tiên sự tiện lợi và bước đầu ứng dụng số hóa trong việc kinh doanh cửa hàng. Giải pháp tài chính cho tiểu thương Ngoài việc hỗ trợ hộ kinh doanh tuân thủ Nghị định 70, MB còn cung cấp nhiều giải pháp tiện ích khác như: Bảo hiểm thời tiết theo lượng mưa, gói vay vốn miễn lãi 7 ngày hay giải pháp thanh toán VietQR kèm ưu đãi tặng tài khoản số đẹp. Sản phẩm bảo hiểm thời tiết phù hợp với nhiều nhóm khách hàng cá nhân, đặc biệt hữu ích cho tiểu thương, tài xế hoặc nhân viên giao hàng - những người dễ bị ảnh hưởng trực tiếp khi thời tiết xấu khiến lượng đơn giảm và thu nhập sụt. Cụ thể, khi lượng mưa vượt ngưỡng thỏa thuận, khách hàng được tự động chi trả bồi thường lên đến 15 triệu đồng mà không cần nộp hồ sơ, giúp bù đắp thu nhập khi công việc bị gián đoạn do mưa lớn. Bên cạnh Bảo hiểm thời tiết, MB giới thiệu gói vay vốn miễn lãi 7 ngày, vay đến 100 triệu đồng, giúp giảm áp lực tài chính trong giai đoạn đầu sử dụng vốn. Toàn bộ quy trình đăng ký và kiểm tra hạn mức đều có thể thực hiện trực tuyến trên ứng dụng MBBank, tiết kiệm thời gian và thủ tục. Với VietQR, giúp giao dịch nhanh chóng, thuận tiện và dễ dàng hơn trong vận hành kinh doanh hằng ngày. Ngân hàng còn thành lập nhóm hỗ trợ kỹ thuật qua Zalo để đồng hành trong quá trình vận hành giúp hộ tiểu thương vận hành nhanh gọn hơn. MB xác định chiến lược số hóa toàn diện cho nhóm tiểu thương không chỉ dừng ở cung cấp công cụ thanh toán hay giải pháp tài chính đơn lẻ, mà là xây dựng một hệ sinh thái đồng bộ - từ quản lý doanh thu, xuất hóa đơn điện tử, kê khai thuế, đến bảo hiểm rủi ro và tiếp cận vốn linh hoạt. Mục tiêu là giúp hàng triệu hộ kinh doanh tiềm năng từng bước chuyển đổi vận hành sang môi trường số, tuân thủ đầy đủ quy định pháp luật, nâng cao năng suất và mở rộng cơ hội kinh doanh.",MBB,vnexpress:https://vnexpress.net/mb-hut-khach-hang-tieu-thuong-bang-he-sinh-thai-so-4927020.html
Thứ,"năm, 11/9/2025, 08:00 (GMT+7)",Ứng dụng thiện nguyện của MB kêu gọi gần 2.000 tỷ đồng,"Ra mắt từ năm 2020, nền tảng này được MB thiết kế như một mạng xã hội thu nhỏ dành riêng cho hoạt động nhân đạo. Người dùng có thể khởi tạo chiến dịch gây quỹ, theo dõi quá trình đóng góp với cơ chế sao kê tự động và cập nhật theo thời gian thực. Các thông tin về khoản tiền ủng hộ, địa chỉ tiếp nhận và báo cáo kết quả đều hiển thị công khai. MB cho biết, trong giai đoạn 2021-2025, nền tảng đã ghi nhận hơn 7.750 chiến dịch hướng đến cộng đồng như hỗ trợ đồng bào vùng thiên tai, trẻ em nghèo hiếu học, bệnh nhân khó khăn, người yếu thế và các chương trình bảo vệ môi trường. Hơn hai triệu tài khoản người dùng cùng khoảng 2.000 tổ chức và cá nhân gây quỹ tham gia, đóng góp tổng cộng gần 2.000 tỷ đồng. Trung bình cứ mỗi 25 giây phát sinh một lượt ủng hộ. Hệ thống này hiện được nhiều tổ chức lớn sử dụng, gồm Ban vận động cứu trợ Trung ương, Trung ương Hội Chữ thập đỏ Việt Nam, Trung tâm Tình nguyện Quốc gia, Quỹ Vì Người nghèo Trung ương, Quỹ Bảo trợ trẻ em Việt Nam, Quỹ Vì trẻ em khuyết tật Việt Nam... Một số chiến dịch còn do cá nhân vận động như các sáng lập viên dự án ""Nuôi em"", ""Như chưa hề có cuộc chia ly"". Ngoài chức năng gây quỹ, nền tảng còn số hóa hàng nghìn hoàn cảnh khó khăn trên bản đồ số, giúp người dùng dễ dàng tìm kiếm địa chỉ cần giúp đỡ, theo dõi dòng tiền, thời gian giải ngân, hình ảnh và báo cáo kèm theo. Nhiều chương trình quy mô quốc gia đã tạo dấu ấn rõ nét. Đơn cử, chiến dịch ""65 năm nghĩa tình Việt Nam - Cuba"" đạt mục tiêu 65 tỷ đồng chỉ sau hai ngày phát động, sau đó vượt mốc 400 tỷ đồng. MB cho biết toàn bộ số tiền được chuyển giao đúng mục đích, minh bạch theo yêu cầu của Trung ương Hội Chữ thập đỏ Việt Nam, ngay dịp Chủ tịch Cuba Miguel Diaz-Canel Bermudez thăm chính thức Việt Nam. Một chiến dịch khác là ""HiGreen Trường Sa xanh"" với thông điệp ""Triệu cột mốc xanh - Điểm tựa của niềm tin"" đã thu hút hơn 60.000 tổ chức, cá nhân đồng hành. Sau hơn 4 tháng triển khai, chiến dịch huy động được gần 75 tỷ đồng, với hơn 70.000 lượt ủng hộ. Nhờ những đóng góp cho cộng đồng, nền tảng Thiện nguyện của MB vừa được đề cử tham dự Giải thưởng World Summit Awards 2025 - sân chơi quốc tế vinh danh các sáng kiến số có tác động xã hội, đóng góp vào các mục tiêu phát triển bền vững của Liên Hợp Quốc. Đại diện MB đánh giá, thành công của nền tảng được cộng hưởng từ hệ sinh thái số của ngân hàng. Hiện MB có gần 33 triệu khách hàng sử dụng thường xuyên App MBBank, trong đó hơn 98% giao dịch được thực hiện hoàn toàn trực tuyến. Nhờ vậy, các chiến dịch thiện nguyện dễ dàng tiếp cận và lan tỏa nhanh trong cộng đồng. ""Chúng tôi định hướng phát triển nền tảng Thiện nguyện trở thành hạ tầng số phục vụ an sinh xã hội, hỗ trợ hợp tác quốc tế và thúc đẩy các mục tiêu phát triển bền vững trong tương lai"", đại diện MB nói.",MBB,vnexpress:https://vnexpress.net/ung-dung-thien-nguyen-cua-mb-keu-goi-gan-2-000-ty-dong-4937629.html
Thứ,"năm, 7/3/2024, 16:00 (GMT+7)",MB dự kiến tăng trưởng lợi nhuận 10% trong năm 2024,"Ngân hàng TMCP Quân đội (MB, mã chứng khoán MBB) vừa tổ chức Hội nghị nhà đầu tư (Investors Conference) để thông tin về kết quả kinh doanh và động lực tăng trưởng năm 2024, vào ngày 6/3. Mở đầu sự kiện, ông Đàm Nhân Đức, Kinh tế trưởng MB, đánh giá động lực tăng trưởng của ngành ngân hàng 2024 đến từ sự hồi phục của nền kinh tế, yếu tố thời kỳ dân số vàng và tăng trưởng tín dụng ở mức cao so với GDP, nhất là tín dụng bán lẻ luôn cao hơn tăng trưởng tín dụng của toàn ngành. Tiếp đến là thanh toán số tăng mạnh, bình quân khoảng 30% nhưng giao dịch qua kênh số tăng trưởng mạnh. Bên cạnh đó chỉ tiêu tín dụng, GDP của Việt Nam còn thấp so với Thái Lan, Singapore... Do đó, đây là những động lực tăng trưởng cho các ngân hàng nói chung, trong đó có MB, đặc biệt ở mảng bán lẻ và mảng số. Ông Lưu Hoài Sơn - Giám đốc Ban Kế hoạch và Marketing, cho biết trong năm nay, MB kỳ vọng sẽ tăng trưởng tín dụng cao hơn so với mức 16% được giao. Trên nền tảng tăng trưởng như quý IV vừa rồi, ngân hàng kỳ vọng lợi nhuận sẽ đạt hơn 28.800 tỷ đồng. Động lực tăng trưởng của nhà băng trong giai đoạn 2024 và các năm tiếp theo kỳ vọng dựa trên 3 động lực tăng trưởng lớn là bán lẻ, chuyển đổi số và hiệp lực tập đoàn. Trả lời các nhóm câu hỏi của các nhà đầu tư, Chủ tịch Hội đồng quản trị Lưu Trung Thái chia sẻ MB làm chuyển đổi số dựa trên hai điểm mấu chốt là thu hút khách hàng và kinh doanh nền tảng. ""Trong năm 2024 và 5 năm tiếp theo, chúng tôi sẽ tiếp tục tập trung vào định hướng này"", ông Thái khẳng định. Chủ tịch Hội đồng quản trị cũng cho biết ngân hàng đặt mục tiêu chinh phục 30 triệu khách hàng trước thềm kỷ niệm sinh nhật tròn 30 tuổi (4/11/1994 - 04/11/2024). Bên cạnh đó, MB xác định các nền tảng số sẽ chiếm khoảng 50-60% doanh thu trong tương lai gần. Theo thông tin tại sự kiện, năng lực phục vụ giao dịch trên kênh số của MB hiện tương đương các ngân hàng top đầu châu Á với 97% khối lượng giao dịch được thực hiện qua kênh số. Quy mô giao dịch qua Napas thuộc top đầu các ngân hàng trong 3 năm liên tiếp (2021, 2022, 2023). Số lượng giao dịch trên kênh số chạm mốc 3,6 tỷ, tăng 80% so với năm 2022. Bên cạnh những thuận lợi, MB cũng xác định những khó khăn, thách thức nhất định. Đó là công tác quản trị tín dụng. Hiện nhà băng đã triển khai mô hình quản trị rủi ro tín dụng nhiều tầng. Bên cạnh đó ngân hàng cũng chuyển đổi mô hình kinh doanh theo hướng ESG để đảm bảo phát triển bền vững. Bên cạnh các dự án xanh, MB sẽ tham gia vào các dự án có tác động môi trường lớn. ""Hiện MB có quy mô dư nợ cho vay xanh đứng ở top đầu thị trường"", Chủ tịch MB nói. Năm 2023, MB giữ nhịp tăng trưởng ổn định, các công ty thành viên tăng trưởng bền vững và giữ được thị phần. Lợi nhuận toàn tập đoàn hơn 26.300 tỷ đồng, ở mức cao nhất từ trước tới nay. Về chất lượng tài sản, nếu nhìn theo quý thì nhà băng này đã vượt qua giai đoạn khó khăn nhất; các khoản nợ xấu đều được trích lập dự phòng tốt. Bên cạnh đó, MB dịch chuyển và mở rộng bán lẻ tốt, hiện chuyển đổi số dẫn đầu và có doanh số giao dịch trên kênh số lớn nhất. CASA (tỷ trọng tiền gửi không kỳ hạn trong tổng tiền gửi) tăng trưởng bền vững qua các năm và đang ở top đầu thị trường.",MBB,vnexpress:https://vnexpress.net/mb-du-kien-tang-truong-loi-nhuan-10-trong-nam-2024-4719457.html
